# time, x_measured, y_measured, x_predicted, y_predicted, x_kalman, y_kalman
0.000000000000000000e+00,1.100000000000000000e+02,5.830000000000000000e+02,1.100000000000000000e+02,5.830000000000000000e+02,1.100000000000000000e+02,5.830000000000000000e+02
3.333333333333333287e-02,1.100000000000000000e+02,5.760000000000000000e+02,1.100000000000000000e+02,5.830000000000000000e+02,1.100000000000000000e+02,5.794980560417266133e+02
6.666666666666666574e-02,1.100000000000000000e+02,5.700000000000000000e+02,1.100000000000000000e+02,5.794941657499565508e+02,1.100000000000000000e+02,5.763189005383171661e+02
1.000000000000000056e-01,1.100000000000000000e+02,5.630000000000000000e+02,1.100000000000000000e+02,5.763044441031862561e+02,1.100000000000000000e+02,5.729451170169917305e+02
1.333333333333333315e-01,1.100000000000000000e+02,5.570000000000000000e+02,1.100000000000000000e+02,5.729084119986791848e+02,1.100000000000000000e+02,5.696562486483574048e+02
1.666666666666666574e-01,1.100000000000000000e+02,5.510000000000000000e+02,1.100000000000000000e+02,5.695840010076046838e+02,1.100000000000000000e+02,5.663584408685253493e+02
2.000000000000000111e-01,1.100000000000000000e+02,5.440000000000000000e+02,1.100000000000000000e+02,5.662342035890289935e+02,1.100000000000000000e+02,5.628381262637567488e+02
2.333333333333333370e-01,1.100000000000000000e+02,5.380000000000000000e+02,1.100000000000000000e+02,5.626391895775072953e+02,1.100000000000000000e+02,5.592303260719180571e+02
2.666666666666666630e-01,1.100000000000000000e+02,5.320000000000000000e+02,1.100000000000000000e+02,5.589347992519660693e+02,1.100000000000000000e+02,5.554771939090969681e+02
2.999999999999999889e-01,1.100000000000000000e+02,5.260000000000000000e+02,1.100000000000000000e+02,5.550611437732064815e+02,1.100000000000000000e+02,5.515287697789217418e+02
3.333333333333333148e-01,1.100000000000000000e+02,5.200000000000000000e+02,1.100000000000000000e+02,5.509668471482749510e+02,1.100000000000000000e+02,5.473416204577655435e+02
3.666666666666666408e-01,1.100000000000000000e+02,5.160000000000000000e+02,1.100000000000000000e+02,5.466077943411187334e+02,1.100000000000000000e+02,5.431079885728606769e+02
4.000000000000000222e-01,1.100000000000000000e+02,5.120000000000000000e+02,1.100000000000000000e+02,5.421881680757478534e+02,1.100000000000000000e+02,5.387785555730839633e+02
4.333333333333333481e-01,1.100000000000000000e+02,5.070000000000000000e+02,1.100000000000000000e+02,5.376599583331845906e+02,1.100000000000000000e+02,5.342094998099379382e+02
4.666666666666666741e-01,1.100000000000000000e+02,5.020000000000000000e+02,1.100000000000000000e+02,5.328743511726148654e+02,1.100000000000000000e+02,5.293898331059436941e+02
5.000000000000000000e-01,1.100000000000000000e+02,4.970000000000000000e+02,1.100000000000000000e+02,5.278225034487057883e+02,1.100000000000000000e+02,5.243180795969977908e+02
5.333333333333333259e-01,1.100000000000000000e+02,4.920000000000000000e+02,1.100000000000000000e+02,5.225054982587316772e+02,1.100000000000000000e+02,5.190011898326114306e+02
5.666666666666666519e-01,1.100000000000000000e+02,4.860000000000000000e+02,1.100000000000000000e+02,5.169331147898217296e+02,1.100000000000000000e+02,5.133369066938493006e+02
5.999999999999999778e-01,1.100000000000000000e+02,4.800000000000000000e+02,1.100000000000000000e+02,5.109980232683161034e+02,1.100000000000000000e+02,5.073483454776729218e+02
6.333333333333333037e-01,1.100000000000000000e+02,4.740000000000000000e+02,1.100000000000000000e+02,5.047266990231319141e+02,1.100000000000000000e+02,5.010628805405056596e+02
6.666666666666666297e-01,1.100000000000000000e+02,4.680000000000000000e+02,1.100000000000000000e+02,4.981498658520311551e+02,1.100000000000000000e+02,4.945107894855053701e+02
6.999999999999999556e-01,1.100000000000000000e+02,4.610000000000000000e+02,1.100000000000000000e+02,4.913010156543056155e+02,1.100000000000000000e+02,4.876017913183449650e+02
7.333333333333332815e-01,1.100000000000000000e+02,4.540000000000000000e+02,1.100000000000000000e+02,4.840841009342755683e+02,1.100000000000000000e+02,4.803727829776260023e+02
7.666666666666666075e-01,1.100000000000000000e+02,4.460000000000000000e+02,1.100000000000000000e+02,4.765394425422070981e+02,1.100000000000000000e+02,4.727361941227306374e+02
8.000000000000000444e-01,1.100000000000000000e+02,4.380000000000000000e+02,1.100000000000000000e+02,4.685736441670912313e+02,1.100000000000000000e+02,4.647337890584420848e+02
8.333333333333333703e-01,1.100000000000000000e+02,4.320000000000000000e+02,1.100000000000000000e+02,4.602321345844791267e+02,1.100000000000000000e+02,4.566595297481047169e+02
8.666666666666666963e-01,1.100000000000000000e+02,4.270000000000000000e+02,1.100000000000000000e+02,4.518305665736214678e+02,1.100000000000000000e+02,4.486672550111541113e+02
9.000000000000000222e-01,1.100000000000000000e+02,4.220000000000000000e+02,1.100000000000000000e+02,4.435333692736526245e+02,1.100000000000000000e+02,4.407736237471020218e+02
9.333333333333333481e-01,1.100000000000000000e+02,4.160000000000000000e+02,1.100000000000000000e+02,4.353574115247385521e+02,1.100000000000000000e+02,4.328631475613285602e+02
9.666666666666666741e-01,1.100000000000000000e+02,4.110000000000000000e+02,1.100000000000000000e+02,4.271778347620464160e+02,1.100000000000000000e+02,4.250830626412127913e+02
1.000000000000000000e+00,1.100000000000000000e+02,4.060000000000000000e+02,1.100000000000000000e+02,4.191520591923463144e+02,1.100000000000000000e+02,4.174414250400525930e+02
1.033333333333333215e+00,1.100000000000000000e+02,4.000000000000000000e+02,1.100000000000000000e+02,4.112878313221218605e+02,1.100000000000000000e+02,4.098135395039050195e+02
1.066666666666666652e+00,1.100000000000000000e+02,3.950000000000000000e+02,1.100000000000000000e+02,4.034504806116777331e+02,1.100000000000000000e+02,4.023424370363882758e+02
1.100000000000000089e+00,1.100000000000000000e+02,3.900000000000000000e+02,1.100000000000000000e+02,3.957931075395876519e+02,1.100000000000000000e+02,3.950306668066280622e+02
1.133333333333333304e+00,1.100000000000000000e+02,3.850000000000000000e+02,1.100000000000000000e+02,3.883176735132513500e+02,1.100000000000000000e+02,3.878794648691063003e+02
1.166666666666666741e+00,1.100000000000000000e+02,3.800000000000000000e+02,1.100000000000000000e+02,3.810247633202877182e+02,1.100000000000000000e+02,3.808889418295930227e+02
1.199999999999999956e+00,1.100000000000000000e+02,3.750000000000000000e+02,1.100000000000000000e+02,3.739137746026137279e+02,1.100000000000000000e+02,3.740582231181321049e+02
1.233333333333333393e+00,1.100000000000000000e+02,3.700000000000000000e+02,1.100000000000000000e+02,3.669830581591916143e+02,1.100000000000000000e+02,3.673855527742774143e+02
1.266666666666666607e+00,1.100000000000000000e+02,3.650000000000000000e+02,1.100000000000000000e+02,3.602300214687291486e+02,1.100000000000000000e+02,3.608683715451151670e+02
1.300000000000000044e+00,1.100000000000000000e+02,3.600000000000000000e+02,1.100000000000000000e+02,3.536512073536256935e+02,1.100000000000000000e+02,3.545033790671104725e+02
1.333333333333333259e+00,1.100000000000000000e+02,3.550000000000000000e+02,1.100000000000000000e+02,3.472423583120631747e+02,1.100000000000000000e+02,3.482865883022499247e+02
1.366666666666666696e+00,1.100000000000000000e+02,3.510000000000000000e+02,1.100000000000000000e+02,3.409984751033630346e+02,1.100000000000000000e+02,3.423483449115499866e+02
1.399999999999999911e+00,1.100000000000000000e+02,3.460000000000000000e+02,1.100000000000000000e+02,3.350589878557718180e+02,1.100000000000000000e+02,3.365393312462921926e+02
1.433333333333333348e+00,1.100000000000000000e+02,3.410000000000000000e+02,1.100000000000000000e+02,3.292622492083975203e+02,1.100000000000000000e+02,3.308540209530866605e+02
1.466666666666666563e+00,1.100000000000000000e+02,3.370000000000000000e+02,1.100000000000000000e+02,3.236016402980942530e+02,1.100000000000000000e+02,3.254223569028874863e+02
1.500000000000000000e+00,1.100000000000000000e+02,3.320000000000000000e+02,1.100000000000000000e+02,3.182162380952601666e+02,1.100000000000000000e+02,3.200927464317950921e+02
1.533333333333333215e+00,1.100000000000000000e+02,3.270000000000000000e+02,1.100000000000000000e+02,3.129419772137416089e+02,1.100000000000000000e+02,3.148588393756783717e+02
1.566666666666666652e+00,1.100000000000000000e+02,3.230000000000000000e+02,1.100000000000000000e+02,3.077714467985755959e+02,1.100000000000000000e+02,3.098506518050901377e+02
1.600000000000000089e+00,1.100000000000000000e+02,3.180000000000000000e+02,1.100000000000000000e+02,3.028439098977366939e+02,1.100000000000000000e+02,3.049154047041451463e+02
1.633333333333333304e+00,1.100000000000000000e+02,3.140000000000000000e+02,1.100000000000000000e+02,2.979941495838232868e+02,1.100000000000000000e+02,3.001835182865423235e+02
1.666666666666666741e+00,1.100000000000000000e+02,3.100000000000000000e+02,1.100000000000000000e+02,2.933619561864011871e+02,1.100000000000000000e+02,2.956390056772845583e+02
1.699999999999999956e+00,1.100000000000000000e+02,3.050000000000000000e+02,1.100000000000000000e+02,2.889293122999583829e+02,1.100000000000000000e+02,2.911293184074460783e+02
1.733333333333333393e+00,1.100000000000000000e+02,3.010000000000000000e+02,1.100000000000000000e+02,2.845314776047492842e+02,1.100000000000000000e+02,2.867860095484862200e+02
1.766666666666666607e+00,1.100000000000000000e+02,2.970000000000000000e+02,1.100000000000000000e+02,2.803096173212214808e+02,1.100000000000000000e+02,2.825940515159727511e+02
1.800000000000000044e+00,1.100000000000000000e+02,2.930000000000000000e+02,1.100000000000000000e+02,2.762469455468195179e+02,1.100000000000000000e+02,2.785389813644584365e+02
1.833333333333333259e+00,1.100000000000000000e+02,2.880000000000000000e+02,1.100000000000000000e+02,2.723273624121324588e+02,1.100000000000000000e+02,2.744702332478059930e+02
1.866666666666666696e+00,1.100000000000000000e+02,2.840000000000000000e+02,1.100000000000000000e+02,2.683886183763402187e+02,1.100000000000000000e+02,2.705213729722909761e+02
1.899999999999999911e+00,1.100000000000000000e+02,2.800000000000000000e+02,1.100000000000000000e+02,2.645742261065453249e+02,1.100000000000000000e+02,2.666795525890585736e+02
1.933333333333333348e+00,1.100000000000000000e+02,2.760000000000000000e+02,1.100000000000000000e+02,2.608700043975792369e+02,1.100000000000000000e+02,2.629326281802006520e+02
1.966666666666666563e+00,1.100000000000000000e+02,2.720000000000000000e+02,1.100000000000000000e+02,2.572625953876041649e+02,1.100000000000000000e+02,2.592691702805616387e+02
2.000000000000000000e+00,1.100000000000000000e+02,2.680000000000000000e+02,1.100000000000000000e+02,2.537394710715385031e+02,1.100000000000000000e+02,2.556784640098067314e+02
2.033333333333333215e+00,1.100000000000000000e+02,2.640000000000000000e+02,1.100000000000000000e+02,2.502889284702404211e+02,1.100000000000000000e+02,2.521505005115461699e+02
2.066666666666666430e+00,1.100000000000000000e+02,2.610000000000000000e+02,1.100000000000000000e+02,2.469000753464854654e+02,1.100000000000000000e+02,2.488115258925438980e+02
2.100000000000000089e+00,1.100000000000000000e+02,2.570000000000000000e+02,1.100000000000000000e+02,2.437083012309083756e+02,1.100000000000000000e+02,2.455073485006055876e+02
2.133333333333333304e+00,1.100000000000000000e+02,2.530000000000000000e+02,1.100000000000000000e+02,2.405476612689688238e+02,1.100000000000000000e+02,2.422303912589102026e+02
2.166666666666666519e+00,1.100000000000000000e+02,2.490000000000000000e+02,1.100000000000000000e+02,2.374100401555039355e+02,1.100000000000000000e+02,2.389736905116913874e+02
2.200000000000000178e+00,1.100000000000000000e+02,2.460000000000000000e+02,1.100000000000000000e+02,2.342880130750066314e+02,1.100000000000000000e+02,2.358655587526974671e+02
2.233333333333333393e+00,1.100000000000000000e+02,2.420000000000000000e+02,1.100000000000000000e+02,2.313192921671852957e+02,1.100000000000000000e+02,2.327556101243452247e+02
2.266666666666666607e+00,1.100000000000000000e+02,2.380000000000000000e+02,1.100000000000000000e+02,2.283422709025724089e+02,1.100000000000000000e+02,2.296389599165893571e+02
2.299999999999999822e+00,1.100000000000000000e+02,2.350000000000000000e+02,1.100000000000000000e+02,2.253518641795889152e+02,1.100000000000000000e+02,2.266452570704351217e+02
2.333333333333333481e+00,1.100000000000000000e+02,2.310000000000000000e+02,1.100000000000000000e+02,2.224872719310481841e+02,1.100000000000000000e+02,2.236267405777488761e+02
2.366666666666666696e+00,1.100000000000000000e+02,2.280000000000000000e+02,1.100000000000000000e+02,2.195898464337250573e+02,1.100000000000000000e+02,2.207139546591755277e+02
2.399999999999999911e+00,1.100000000000000000e+02,2.250000000000000000e+02,1.100000000000000000e+02,2.167997840229955671e+02,1.100000000000000000e+02,2.178943128619301604e+02
2.433333333333333126e+00,1.100000000000000000e+02,2.210000000000000000e+02,1.100000000000000000e+02,2.141034436787523134e+02,1.100000000000000000e+02,2.150227528557010146e+02
2.466666666666666785e+00,1.100000000000000000e+02,2.180000000000000000e+02,1.100000000000000000e+02,2.113452067703129273e+02,1.100000000000000000e+02,2.122311847160723914e+02
2.500000000000000000e+00,1.100000000000000000e+02,2.150000000000000000e+02,1.100000000000000000e+02,2.086667905911455136e+02,1.100000000000000000e+02,2.095089694205605042e+02
2.533333333333333215e+00,1.100000000000000000e+02,2.110000000000000000e+02,1.100000000000000000e+02,2.060567293420712645e+02,1.100000000000000000e+02,2.067133597938829723e+02
2.566666666666666430e+00,1.100000000000000000e+02,2.080000000000000000e+02,1.100000000000000000e+02,2.033619838254867886e+02,1.100000000000000000e+02,2.039774434324534695e+02
2.600000000000000089e+00,1.100000000000000000e+02,2.050000000000000000e+02,1.100000000000000000e+02,2.007255764675813055e+02,1.100000000000000000e+02,2.012922593235608417e+02
2.633333333333333304e+00,1.100000000000000000e+02,2.020000000000000000e+02,1.100000000000000000e+02,1.981379039972868554e+02,1.100000000000000000e+02,1.986494857383945885e+02
2.666666666666666519e+00,1.100000000000000000e+02,1.990000000000000000e+02,1.100000000000000000e+02,1.955900752862693537e+02,1.100000000000000000e+02,1.960414110547614541e+02
2.700000000000000178e+00,1.100000000000000000e+02,1.960000000000000000e+02,1.100000000000000000e+02,1.930738777295819943e+02,1.100000000000000000e+02,1.934609062640982415e+02
2.733333333333333393e+00,1.100000000000000000e+02,1.930000000000000000e+02,1.100000000000000000e+02,1.905817456087466155e+02,1.100000000000000000e+02,1.909013990443957027e+02
2.766666666666666607e+00,1.100000000000000000e+02,1.900000000000000000e+02,1.100000000000000000e+02,1.881067302845303004e+02,1.100000000000000000e+02,1.883568492484521926e+02
2.799999999999999822e+00,1.100000000000000000e+02,1.870000000000000000e+02,1.100000000000000000e+02,1.856424720345204946e+02,1.100000000000000000e+02,1.858217256377689637e+02
2.833333333333333481e+00,1.100000000000000000e+02,1.840000000000000000e+02,1.100000000000000000e+02,1.831831733329390772e+02,1.100000000000000000e+02,1.832909836845460063e+02
2.866666666666666696e+00,1.100000000000000000e+02,1.820000000000000000e+02,1.100000000000000000e+02,1.807235733648027463e+02,1.100000000000000000e+02,1.808919812658414514e+02
2.899999999999999911e+00,1.100000000000000000e+02,1.790000000000000000e+02,1.100000000000000000e+02,1.784003295098914350e+02,1.100000000000000000e+02,1.784794225032364920e+02
2.933333333333333126e+00,1.100000000000000000e+02,1.760000000000000000e+02,1.100000000000000000e+02,1.760575374510132747e+02,1.100000000000000000e+02,1.760499507074416385e+02
2.966666666666666785e+00,1.100000000000000000e+02,1.740000000000000000e+02,1.100000000000000000e+02,1.736918075768795120e+02,1.100000000000000000e+02,1.737324355320541258e+02
3.000000000000000000e+00,1.100000000000000000e+02,1.710000000000000000e+02,1.100000000000000000e+02,1.714414762778889667e+02,1.100000000000000000e+02,1.713832893488511502e+02
3.033333333333333215e+00,1.100000000000000000e+02,1.680000000000000000e+02,1.100000000000000000e+02,1.691525217068000302e+02,1.100000000000000000e+02,1.690006428945200412e+02
3.066666666666666430e+00,1.100000000000000000e+02,1.660000000000000000e+02,1.100000000000000000e+02,1.668231957920547757e+02,1.100000000000000000e+02,1.667147296034652584e+02
3.100000000000000089e+00,1.100000000000000000e+02,1.630000000000000000e+02,1.100000000000000000e+02,1.645933415255171610e+02,1.100000000000000000e+02,1.643834211028819254e+02
3.133333333333333304e+00,1.100000000000000000e+02,1.610000000000000000e+02,1.100000000000000000e+02,1.623105372429722308e+02,1.100000000000000000e+02,1.621378900357099724e+02
3.166666666666666519e+00,1.100000000000000000e+02,1.590000000000000000e+02,1.100000000000000000e+02,1.601156637252618964e+02,1.100000000000000000e+02,1.599686979691387592e+02
3.200000000000000178e+00,1.100000000000000000e+02,1.560000000000000000e+02,1.100000000000000000e+02,1.579985431652041825e+02,1.100000000000000000e+02,1.577352886055147962e+02
3.233333333333333393e+00,1.100000000000000000e+02,1.540000000000000000e+02,1.100000000000000000e+02,1.558084877178867487e+02,1.100000000000000000e+02,1.555702760320015443e+02
3.266666666666666607e+00,1.100000000000000000e+02,1.520000000000000000e+02,1.100000000000000000e+02,1.536879716177152773e+02,1.100000000000000000e+02,1.534656394935789763e+02
3.299999999999999822e+00,1.100000000000000000e+02,1.500000000000000000e+02,1.100000000000000000e+02,1.516283785310937446e+02,1.100000000000000000e+02,1.514138992013361928e+02
3.333333333333333481e+00,1.100000000000000000e+02,1.470000000000000000e+02,1.100000000000000000e+02,1.496216918366073401e+02,1.100000000000000000e+02,1.492763833663460957e+02
3.366666666666666696e+00,1.100000000000000000e+02,1.450000000000000000e+02,1.100000000000000000e+02,1.475192983382333693e+02,1.100000000000000000e+02,1.471874784344279306e+02
3.399999999999999911e+00,1.100000000000000000e+02,1.430000000000000000e+02,1.100000000000000000e+02,1.454656246768027188e+02,1.100000000000000000e+02,1.451408754680028892e+02
3.433333333333333126e+00,1.100000000000000000e+02,1.410000000000000000e+02,1.100000000000000000e+02,1.434539346956714780e+02,1.100000000000000000e+02,1.431307260794136482e+02
3.466666666666666785e+00,1.100000000000000000e+02,1.390000000000000000e+02,1.100000000000000000e+02,1.414780005601280379e+02,1.100000000000000000e+02,1.411516231015439757e+02
3.500000000000000000e+00,1.100000000000000000e+02,1.370000000000000000e+02,1.100000000000000000e+02,1.395320808325542146e+02,1.100000000000000000e+02,1.391985816201237469e+02
3.533333333333333215e+00,1.100000000000000000e+02,1.350000000000000000e+02,1.100000000000000000e+02,1.376108989502350823e+02,1.100000000000000000e+02,1.372670203253696855e+02
3.566666666666666430e+00,1.100000000000000000e+02,1.340000000000000000e+02,1.100000000000000000e+02,1.357096220650150542e+02,1.100000000000000000e+02,1.354844511585216367e+02
3.600000000000000089e+00,1.100000000000000000e+02,1.320000000000000000e+02,1.100000000000000000e+02,1.339650080846384697e+02,1.100000000000000000e+02,1.337062031324491898e+02
3.633333333333333304e+00,1.100000000000000000e+02,1.300000000000000000e+02,1.100000000000000000e+02,1.322217395759379031e+02,1.100000000000000000e+02,1.319291246827847033e+02
3.666666666666666519e+00,1.100000000000000000e+02,1.280000000000000000e+02,1.100000000000000000e+02,1.304765688645763646e+02,1.100000000000000000e+02,1.301503961359305777e+02
3.699999999999999734e+00,1.100000000000000000e+02,1.270000000000000000e+02,1.100000000000000000e+02,1.287266104862429756e+02,1.100000000000000000e+02,1.284992135972529184e+02
3.733333333333333393e+00,1.100000000000000000e+02,1.250000000000000000e+02,1.100000000000000000e+02,1.271104808626858755e+02,1.100000000000000000e+02,1.268325329195400855e+02
3.766666666666666607e+00,1.100000000000000000e+02,1.230000000000000000e+02,1.100000000000000000e+02,1.254746576410237253e+02,1.100000000000000000e+02,1.251487547996972438e+02
3.799999999999999822e+00,1.100000000000000000e+02,1.220000000000000000e+02,1.100000000000000000e+02,1.238176024756209017e+02,1.100000000000000000e+02,1.235782366862312642e+02
3.833333333333333481e+00,1.100000000000000000e+02,1.200000000000000000e+02,1.100000000000000000e+02,1.222792112725209677e+02,1.100000000000000000e+02,1.219790620620744761e+02
3.866666666666666696e+00,1.100000000000000000e+02,1.190000000000000000e+02,1.100000000000000000e+02,1.207072041247848233e+02,1.100000000000000000e+02,1.204823882675484867e+02
3.899999999999999911e+00,1.100000000000000000e+02,1.180000000000000000e+02,1.100000000000000000e+02,1.192423609081325111e+02,1.100000000000000000e+02,1.190787630209894701e+02
3.933333333333333126e+00,1.100000000000000000e+02,1.160000000000000000e+02,1.100000000000000000e+02,1.178744029071335859e+02,1.100000000000000000e+02,1.176275825498876202e+02
3.966666666666666785e+00,1.100000000000000000e+02,1.150000000000000000e+02,1.100000000000000000e+02,1.164525079742539901e+02,1.100000000000000000e+02,1.162612478246801686e+02
4.000000000000000000e+00,1.100000000000000000e+02,1.140000000000000000e+02,1.100000000000000000e+02,1.151188342666412012e+02,1.100000000000000000e+02,1.149715149773121681e+02
4.033333333333333215e+00,1.100000000000000000e+02,1.120000000000000000e+02,1.100000000000000000e+02,1.138644416910810548e+02,1.100000000000000000e+02,1.136189534892721724e+02
4.066666666666666430e+00,1.100000000000000000e+02,1.110000000000000000e+02,1.100000000000000000e+02,1.125398067121826102e+02,1.100000000000000000e+02,1.123370682377035905e+02
4.099999999999999645e+00,1.100000000000000000e+02,1.100000000000000000e+02,1.100000000000000000e+02,1.112883067178034082e+02,1.100000000000000000e+02,1.111186864797419531e+02
4.133333333333332860e+00,1.100000000000000000e+02,1.090000000000000000e+02,1.100000000000000000e+02,1.101021837152066496e+02,1.100000000000000000e+02,1.099570724291415047e+02
4.166666666666666963e+00,1.100000000000000000e+02,1.080000000000000000e+02,1.100000000000000000e+02,1.089741661492672904e+02,1.100000000000000000e+02,1.088459125715797882e+02
4.200000000000000178e+00,1.100000000000000000e+02,1.070000000000000000e+02,1.100000000000000000e+02,1.078974521416216987e+02,1.100000000000000000e+02,1.077793011098340656e+02
4.233333333333333393e+00,1.100000000000000000e+02,1.060000000000000000e+02,1.100000000000000000e+02,1.068656928596986262e+02,1.100000000000000000e+02,1.067517255266460126e+02
4.266666666666666607e+00,1.100000000000000000e+02,1.050000000000000000e+02,1.100000000000000000e+02,1.058729760082659936e+02,1.100000000000000000e+02,1.057580522577906521e+02
4.299999999999999822e+00,1.100000000000000000e+02,1.040000000000000000e+02,1.100000000000000000e+02,1.049138094406742709e+02,1.100000000000000000e+02,1.047935124718423907e+02
4.333333333333333037e+00,1.100000000000000000e+02,1.030000000000000000e+02,1.100000000000000000e+02,1.039831048907824851e+02,1.100000000000000000e+02,1.038536879565140794e+02
4.366666666666666252e+00,1.100000000000000000e+02,1.030000000000000000e+02,1.100000000000000000e+02,1.030761618297536160e+02,1.100000000000000000e+02,1.030661359733819467e+02
4.400000000000000355e+00,1.100000000000000000e+02,1.020000000000000000e+02,1.100000000000000000e+02,1.023297393188636306e+02,1.100000000000000000e+02,1.022863334601635472e+02
4.433333333333333570e+00,1.100000000000000000e+02,1.010000000000000000e+02,1.100000000000000000e+02,1.015886453460826715e+02,1.100000000000000000e+02,1.015111589480246010e+02
4.466666666666666785e+00,1.100000000000000000e+02,1.010000000000000000e+02,1.100000000000000000e+02,1.008496251455165691e+02,1.100000000000000000e+02,1.008694195180196260e+02
4.500000000000000000e+00,1.100000000000000000e+02,1.000000000000000000e+02,1.100000000000000000e+02,1.002508300223103674e+02,1.100000000000000000e+02,1.002178127350230454e+02
4.533333333333333215e+00,1.100000000000000000e+02,9.900000000000000000e+01,1.100000000000000000e+02,9.963842601485671935e+01,1.100000000000000000e+02,9.955438943609860303e+01
4.566666666666666430e+00,1.100000000000000000e+02,9.900000000000000000e+01,1.100000000000000000e+02,9.901046125438476508e+01,1.100000000000000000e+02,9.900908424152537179e+01
4.599999999999999645e+00,1.100000000000000000e+02,9.800000000000000000e+01,1.100000000000000000e+02,9.850633877819818451e+01,1.100000000000000000e+02,9.843968997427600698e+01
4.633333333333332860e+00,1.100000000000000000e+02,9.800000000000000000e+01,1.100000000000000000e+02,9.797343865878521285e+01,1.100000000000000000e+02,9.797693487725402406e+01
4.666666666666666963e+00,1.100000000000000000e+02,9.800000000000000000e+01,1.100000000000000000e+02,9.755204686322214513e+01,1.100000000000000000e+02,9.761100977850921367e+01
4.700000000000000178e+00,1.100000000000000000e+02,9.700000000000000000e+01,1.100000000000000000e+02,9.723147511975878388e+01,1.100000000000000000e+02,9.720100677504790099e+01
4.733333333333333393e+00,1.100000000000000000e+02,9.700000000000000000e+01,1.100000000000000000e+02,9.686055283280886385e+01,1.100000000000000000e+02,9.687890776347647659e+01
4.766666666666666607e+00,1.100000000000000000e+02,9.700000000000000000e+01,1.100000000000000000e+02,9.658096325199726095e+01,1.100000000000000000e+02,9.663611940462639893e+01
4.799999999999999822e+00,1.100000000000000000e+02,9.700000000000000000e+01,1.100000000000000000e+02,9.638337156344890388e+01,1.100000000000000000e+02,9.646453575349400467e+01
4.833333333333333037e+00,1.100000000000000000e+02,9.600000000000000000e+01,1.100000000000000000e+02,9.625898864611590966e+01,1.100000000000000000e+02,9.622489912427329273e+01
4.866666666666666252e+00,1.100000000000000000e+02,9.600000000000000000e+01,1.100000000000000000e+02,9.605848176617701029e+01,1.100000000000000000e+02,9.605078408141262969e+01
4.900000000000000355e+00,1.100000000000000000e+02,9.600000000000000000e+01,1.100000000000000000e+02,9.592530607340911786e+01,1.100000000000000000e+02,9.593513768111625950e+01
4.933333333333333570e+00,1.100000000000000000e+02,9.600000000000000000e+01,1.100000000000000000e+02,9.585183812803892067e+01,1.100000000000000000e+02,9.587133996127624869e+01
4.966666666666666785e+00,1.100000000000000000e+02,9.600000000000000000e+01,1.100000000000000000e+02,9.583093745216308434e+01,1.100000000000000000e+02,9.585319033175335335e+01
5.000000000000000000e+00,1.100000000000000000e+02,9.600000000000000000e+01,1.100000000000000000e+02,9.585593085244629208e+01,1.100000000000000000e+02,9.587489396804883768e+01
5.033333333333333215e+00,1.100000000000000000e+02,9.600000000000000000e+01,1.100000000000000000e+02,9.592059673674883413e+01,1.100000000000000000e+02,9.593104819777077807e+01
5.066666666666666430e+00,1.100000000000000000e+02,9.700000000000000000e+01,1.100000000000000000e+02,9.601914941907327261e+01,1.100000000000000000e+02,9.614825395106392136e+01
5.099999999999999645e+00,1.100000000000000000e+02,9.700000000000000000e+01,1.100000000000000000e+02,9.628729659042579669e+01,1.100000000000000000e+02,9.638110622982583209e+01
5.133333333333332860e+00,1.100000000000000000e+02,9.700000000000000000e+01,1.100000000000000000e+02,9.656887797402355034e+01,1.100000000000000000e+02,9.662562444269261164e+01
5.166666666666666963e+00,1.100000000000000000e+02,9.700000000000000000e+01,1.100000000000000000e+02,9.685969824770981518e+01,1.100000000000000000e+02,9.687816547589549998e+01
5.200000000000000178e+00,1.100000000000000000e+02,9.800000000000000000e+01,1.100000000000000000e+02,9.715593480735437026e+01,1.100000000000000000e+02,9.726703494232620528e+01
5.233333333333333393e+00,1.100000000000000000e+02,9.800000000000000000e+01,1.100000000000000000e+02,9.759519496367940405e+01,1.100000000000000000e+02,9.764847744661231843e+01
5.266666666666666607e+00,1.100000000000000000e+02,9.800000000000000000e+01,1.100000000000000000e+02,9.802315436194207621e+01,1.100000000000000000e+02,9.802010666843307263e+01
5.299999999999999822e+00,1.100000000000000000e+02,9.900000000000000000e+01,1.100000000000000000e+02,9.843738962766656186e+01,1.100000000000000000e+02,9.851144321499006651e+01
5.333333333333333037e+00,1.100000000000000000e+02,9.900000000000000000e+01,1.100000000000000000e+02,9.897685898330946941e+01,1.100000000000000000e+02,9.897990491854994843e+01
5.366666666666666252e+00,1.100000000000000000e+02,1.000000000000000000e+02,1.100000000000000000e+02,9.948854077005292140e+01,1.100000000000000000e+02,9.955586154112894803e+01
5.400000000000000355e+00,1.100000000000000000e+02,1.010000000000000000e+02,1.100000000000000000e+02,1.001123387056845502e+02,1.100000000000000000e+02,1.002291769829307668e+02
5.433333333333333570e+00,1.100000000000000000e+02,1.010000000000000000e+02,1.100000000000000000e+02,1.008372172920285124e+02,1.100000000000000000e+02,1.008586435288885497e+02
5.466666666666666785e+00,1.100000000000000000e+02,1.020000000000000000e+02,1.100000000000000000e+02,1.015116889546187338e+02,1.100000000000000000e+02,1.015759627469367956e+02
5.500000000000000000e+00,1.100000000000000000e+02,1.030000000000000000e+02,1.100000000000000000e+02,1.022771421793613484e+02,1.100000000000000000e+02,1.023722880582495804e+02
5.533333333333333215e+00,1.100000000000000000e+02,1.030000000000000000e+02,1.100000000000000000e+02,1.031239773728516411e+02,1.100000000000000000e+02,1.031076589107182855e+02
5.566666666666666430e+00,1.100000000000000000e+02,1.040000000000000000e+02,1.100000000000000000e+02,1.039020939102547345e+02,1.100000000000000000e+02,1.039149807429057120e+02
5.599999999999999645e+00,1.100000000000000000e+02,1.050000000000000000e+02,1.100000000000000000e+02,1.047542171795844723e+02,1.100000000000000000e+02,1.047865681772358357e+02
5.633333333333332860e+00,1.100000000000000000e+02,1.060000000000000000e+02,1.100000000000000000e+02,1.056720352366296680e+02,1.100000000000000000e+02,1.057152033434519751e+02
5.666666666666666963e+00,1.100000000000000000e+02,1.070000000000000000e+02,1.100000000000000000e+02,1.066477579465303336e+02,1.100000000000000000e+02,1.066941214962051419e+02
5.700000000000000178e+00,1.100000000000000000e+02,1.080000000000000000e+02,1.100000000000000000e+02,1.076741003925230871e+02,1.100000000000000000e+02,1.077169966069856457e+02
5.733333333333333393e+00,1.100000000000000000e+02,1.090000000000000000e+02,1.100000000000000000e+02,1.087442662448622741e+02,1.100000000000000000e+02,1.087779269216735258e+02
5.766666666666666607e+00,1.100000000000000000e+02,1.100000000000000000e+02,1.100000000000000000e+02,1.098519310870346288e+02,1.100000000000000000e+02,1.098714204811949884e+02
5.799999999999999822e+00,1.100000000000000000e+02,1.110000000000000000e+02,1.100000000000000000e+02,1.109912257026320219e+02,1.100000000000000000e+02,1.109923806081871618e+02
5.833333333333333037e+00,1.100000000000000000e+02,1.120000000000000000e+02,1.100000000000000000e+02,1.121567193316390529e+02,1.100000000000000000e+02,1.121360913672495769e+02
5.866666666666666252e+00,1.100000000000000000e+02,1.140000000000000000e+02,1.100000000000000000e+02,1.133434029094928803e+02,1.100000000000000000e+02,1.134298265286467569e+02
5.900000000000000355e+00,1.100000000000000000e+02,1.150000000000000000e+02,1.100000000000000000e+02,1.146877436451672310e+02,1.100000000000000000e+02,1.147288438975068630e+02
5.933333333333333570e+00,1.100000000000000000e+02,1.160000000000000000e+02,1.100000000000000000e+02,1.160343283025906373e+02,1.100000000000000000e+02,1.160298098965524218e+02
5.966666666666666785e+00,1.100000000000000000e+02,1.180000000000000000e+02,1.100000000000000000e+02,1.173796893653749009e+02,1.100000000000000000e+02,1.174613366775515431e+02
6.000000000000000000e+00,1.100000000000000000e+02,1.190000000000000000e+02,1.100000000000000000e+02,1.188617848626234235e+02,1.100000000000000000e+02,1.188799771803687548e+02
6.033333333333333215e+00,1.100000000000000000e+02,1.200000000000000000e+02,1.100000000000000000e+02,1.203266424484153561e+02,1.100000000000000000e+02,1.202836487485090800e+02
6.066666666666666430e+00,1.100000000000000000e+02,1.220000000000000000e+02,1.100000000000000000e+02,1.217721844831236240e+02,1.100000000000000000e+02,1.218021702592006221e+02
6.099999999999999645e+00,1.100000000000000000e+02,1.230000000000000000e+02,1.100000000000000000e+02,1.233377079029191776e+02,1.100000000000000000e+02,1.232932577736603008e+02
6.133333333333332860e+00,1.100000000000000000e+02,1.250000000000000000e+02,1.100000000000000000e+02,1.248705289854828777e+02,1.100000000000000000e+02,1.248875703429011423e+02
6.166666666666666963e+00,1.100000000000000000e+02,1.270000000000000000e+02,1.100000000000000000e+02,1.265108783447521290e+02,1.100000000000000000e+02,1.265752579593662404e+02
6.200000000000000178e+00,1.100000000000000000e+02,1.280000000000000000e+02,1.100000000000000000e+02,1.282480430343300952e+02,1.100000000000000000e+02,1.282153948990641084e+02
6.233333333333333393e+00,1.100000000000000000e+02,1.300000000000000000e+02,1.100000000000000000e+02,1.299308526463607336e+02,1.100000000000000000e+02,1.299399540167653129e+02
6.266666666666666607e+00,1.100000000000000000e+02,1.320000000000000000e+02,1.100000000000000000e+02,1.317009999571098433e+02,1.100000000000000000e+02,1.317403551795628118e+02
6.299999999999999822e+00,1.100000000000000000e+02,1.340000000000000000e+02,1.100000000000000000e+02,1.335491835435882138e+02,1.100000000000000000e+02,1.336085212548750576e+02
6.333333333333333037e+00,1.100000000000000000e+02,1.350000000000000000e+02,1.100000000000000000e+02,1.354666642650009010e+02,1.100000000000000000e+02,1.354052406322291233e+02
6.366666666666666252e+00,1.100000000000000000e+02,1.370000000000000000e+02,1.100000000000000000e+02,1.373041777729084174e+02,1.100000000000000000e+02,1.372641410647487987e+02
6.400000000000000355e+00,1.100000000000000000e+02,1.390000000000000000e+02,1.100000000000000000e+02,1.392052546696517652e+02,1.100000000000000000e+02,1.391782384935983998e+02
6.433333333333333570e+00,1.100000000000000000e+02,1.410000000000000000e+02,1.100000000000000000e+02,1.411623635675872492e+02,1.100000000000000000e+02,1.411409928369003808e+02
6.466666666666666785e+00,1.100000000000000000e+02,1.430000000000000000e+02,1.100000000000000000e+02,1.431684673986463281e+02,1.100000000000000000e+02,1.431462932671379065e+02
6.500000000000000000e+00,1.100000000000000000e+02,1.450000000000000000e+02,1.100000000000000000e+02,1.452170064873771480e+02,1.100000000000000000e+02,1.451884435125727748e+02
6.533333333333333215e+00,1.100000000000000000e+02,1.470000000000000000e+02,1.100000000000000000e+02,1.473018816461118661e+02,1.100000000000000000e+02,1.472621471778056730e+02
6.566666666666666430e+00,1.100000000000000000e+02,1.500000000000000000e+02,1.100000000000000000e+02,1.494174372927107584e+02,1.100000000000000000e+02,1.494941157486312306e+02
6.599999999999999645e+00,1.100000000000000000e+02,1.520000000000000000e+02,1.100000000000000000e+02,1.516995150030507773e+02,1.100000000000000000e+02,1.517390656378877623e+02
6.633333333333332860e+00,1.100000000000000000e+02,1.540000000000000000e+02,1.100000000000000000e+02,1.539920997801938256e+02,1.100000000000000000e+02,1.539931396281237426e+02
6.666666666666666963e+00,1.100000000000000000e+02,1.560000000000000000e+02,1.100000000000000000e+02,1.562911427792393226e+02,1.100000000000000000e+02,1.562528217933212886e+02
6.700000000000000178e+00,1.100000000000000000e+02,1.590000000000000000e+02,1.100000000000000000e+02,1.585929712588410609e+02,1.100000000000000000e+02,1.586465454623862001e+02
6.733333333333333393e+00,1.100000000000000000e+02,1.610000000000000000e+02,1.100000000000000000e+02,1.610353420593615112e+02,1.100000000000000000e+02,1.610306902437021392e+02
6.766666666666666607e+00,1.100000000000000000e+02,1.630000000000000000e+02,1.100000000000000000e+02,1.634640878383010829e+02,1.100000000000000000e+02,1.634030033653870646e+02
6.799999999999999822e+00,1.100000000000000000e+02,1.660000000000000000e+02,1.100000000000000000e+02,1.658769397060051176e+02,1.100000000000000000e+02,1.658931372284710903e+02
6.833333333333333037e+00,1.100000000000000000e+02,1.680000000000000000e+02,1.100000000000000000e+02,1.684130075853966844e+02,1.100000000000000000e+02,1.683586464310146198e+02
6.866666666666666252e+00,1.100000000000000000e+02,1.710000000000000000e+02,1.100000000000000000e+02,1.709194264659741691e+02,1.100000000000000000e+02,1.709300317683339472e+02
6.899999999999999467e+00,1.100000000000000000e+02,1.740000000000000000e+02,1.100000000000000000e+02,1.735362494795580801e+02,1.100000000000000000e+02,1.735972895536014562e+02
6.933333333333333570e+00,1.100000000000000000e+02,1.760000000000000000e+02,1.100000000000000000e+02,1.762525914803697162e+02,1.100000000000000000e+02,1.762193447195605529e+02
6.966666666666666785e+00,1.100000000000000000e+02,1.790000000000000000e+02,1.100000000000000000e+02,1.789171148908233420e+02,1.100000000000000000e+02,1.789280244487578386e+02
7.000000000000000000e+00,1.100000000000000000e+02,1.820000000000000000e+02,1.100000000000000000e+02,1.816713496560334704e+02,1.100000000000000000e+02,1.817146074858578970e+02
7.033333333333333215e+00,1.100000000000000000e+02,1.840000000000000000e+02,1.100000000000000000e+02,1.845058367942997393e+02,1.100000000000000000e+02,1.844392572144941482e+02
7.066666666666666430e+00,1.100000000000000000e+02,1.870000000000000000e+02,1.100000000000000000e+02,1.872706142135931486e+02,1.100000000000000000e+02,1.872349952537523166e+02
7.099999999999999645e+00,1.100000000000000000e+02,1.900000000000000000e+02,1.100000000000000000e+02,1.901085366420294918e+02,1.100000000000000000e+02,1.900942507617760100e+02
7.133333333333332860e+00,1.100000000000000000e+02,1.930000000000000000e+02,1.100000000000000000e+02,1.930114192003159701e+02,1.100000000000000000e+02,1.930099161749493817e+02
7.166666666666666963e+00,1.100000000000000000e+02,1.960000000000000000e+02,1.100000000000000000e+02,1.959715936665524225e+02,1.100000000000000000e+02,1.959753325832833184e+02
7.200000000000000178e+00,1.100000000000000000e+02,1.990000000000000000e+02,1.100000000000000000e+02,1.989818916503131447e+02,1.100000000000000000e+02,1.989842751191490038e+02
7.233333333333333393e+00,1.100000000000000000e+02,2.020000000000000000e+02,1.100000000000000000e+02,2.020356277698716951e+02,1.100000000000000000e+02,2.020309383487396246e+02
7.266666666666666607e+00,1.100000000000000000e+02,2.050000000000000000e+02,1.100000000000000000e+02,2.051265828274300986e+02,1.100000000000000000e+02,2.051099216618011667e+02
7.299999999999999822e+00,1.100000000000000000e+02,2.080000000000000000e+02,1.100000000000000000e+02,2.082489869834210197e+02,1.100000000000000000e+02,2.082162146605607518e+02
7.333333333333333037e+00,1.100000000000000000e+02,2.110000000000000000e+02,1.100000000000000000e+02,2.113975029363296585e+02,1.100000000000000000e+02,2.113451825534520481e+02
7.366666666666666252e+00,1.100000000000000000e+02,2.150000000000000000e+02,1.100000000000000000e+02,2.145672091190930644e+02,1.100000000000000000e+02,2.146241741929543139e+02
7.399999999999999467e+00,1.100000000000000000e+02,2.180000000000000000e+02,1.100000000000000000e+02,2.178946532942583758e+02,1.100000000000000000e+02,2.179085193044111861e+02
7.433333333333333570e+00,1.100000000000000000e+02,2.210000000000000000e+02,1.100000000000000000e+02,2.212244990412909544e+02,1.100000000000000000e+02,2.211949498883375327e+02
7.466666666666666785e+00,1.100000000000000000e+02,2.250000000000000000e+02,1.100000000000000000e+02,2.245533484581293635e+02,1.100000000000000000e+02,2.246121379049798747e+02
7.500000000000000000e+00,1.100000000000000000e+02,2.280000000000000000e+02,1.100000000000000000e+02,2.280192226549079635e+02,1.100000000000000000e+02,2.280166925187273250e+02
7.533333333333333215e+00,1.100000000000000000e+02,2.310000000000000000e+02,1.100000000000000000e+02,2.314682082371119236e+02,1.100000000000000000e+02,2.314065814439762789e+02
7.566666666666666430e+00,1.100000000000000000e+02,2.350000000000000000e+02,1.100000000000000000e+02,2.348982799397675478e+02,1.100000000000000000e+02,2.349116685999706533e+02
7.599999999999999645e+00,1.100000000000000000e+02,2.380000000000000000e+02,1.100000000000000000e+02,2.384487811019392041e+02,1.100000000000000000e+02,2.383897113613509759e+02
7.633333333333332860e+00,1.100000000000000000e+02,2.420000000000000000e+02,1.100000000000000000e+02,2.419670701860495114e+02,1.100000000000000000e+02,2.419714044940803035e+02
7.666666666666666963e+00,1.100000000000000000e+02,2.460000000000000000e+02,1.100000000000000000e+02,2.455934137764502907e+02,1.100000000000000000e+02,2.456469297151679712e+02
7.700000000000000178e+00,1.100000000000000000e+02,2.490000000000000000e+02,1.100000000000000000e+02,2.493171304437983906e+02,1.100000000000000000e+02,2.492753889086568790e+02
7.733333333333333393e+00,1.100000000000000000e+02,2.530000000000000000e+02,1.100000000000000000e+02,2.529870767271622753e+02,1.100000000000000000e+02,2.529887777219745146e+02
7.766666666666666607e+00,1.100000000000000000e+02,2.570000000000000000e+02,1.100000000000000000e+02,2.567449670537482120e+02,1.100000000000000000e+02,2.567785351535893028e+02
7.799999999999999822e+00,1.100000000000000000e+02,2.610000000000000000e+02,1.100000000000000000e+02,2.605815176178042520e+02,1.100000000000000000e+02,2.606365993569558555e+02
7.833333333333333037e+00,1.100000000000000000e+02,2.640000000000000000e+02,1.100000000000000000e+02,2.644880026844757026e+02,1.100000000000000000e+02,2.644237705030852226e+02
7.866666666666666252e+00,1.100000000000000000e+02,2.680000000000000000e+02,1.100000000000000000e+02,2.683151674859695390e+02,1.100000000000000000e+02,2.682736843229158694e+02
7.899999999999999467e+00,1.100000000000000000e+02,2.720000000000000000e+02,1.100000000000000000e+02,2.722065480778705364e+02,1.100000000000000000e+02,2.721793616836518481e+02
7.933333333333333570e+00,1.100000000000000000e+02,2.760000000000000000e+02,1.100000000000000000e+02,2.761546152242258927e+02,1.100000000000000000e+02,2.761342643671804353e+02
7.966666666666666785e+00,1.100000000000000000e+02,2.800000000000000000e+02,1.100000000000000000e+02,2.801523307121526614e+02,1.100000000000000000e+02,2.801322805486497600e+02
8.000000000000000000e+00,1.100000000000000000e+02,2.840000000000000000e+02,1.100000000000000000e+02,2.841931306566115154e+02,1.100000000000000000e+02,2.841677102987263765e+02
8.033333333333333215e+00,1.100000000000000000e+02,2.880000000000000000e+02,1.100000000000000000e+02,2.882709088258212660e+02,1.100000000000000000e+02,2.882352511037757381e+02
8.066666666666666430e+00,1.100000000000000000e+02,2.930000000000000000e+02,1.100000000000000000e+02,2.923799999868288069e+02,1.100000000000000000e+02,2.924616059956994150e+02
8.099999999999999645e+00,1.100000000000000000e+02,2.970000000000000000e+02,1.100000000000000000e+02,2.966562336013915910e+02,1.100000000000000000e+02,2.967014810257095974e+02
8.133333333333332860e+00,1.100000000000000000e+02,3.010000000000000000e+02,1.100000000000000000e+02,3.009435805760180074e+02,1.100000000000000000e+02,3.009510066468014884e+02
8.166666666666666075e+00,1.100000000000000000e+02,3.050000000000000000e+02,1.100000000000000000e+02,3.052379759218835034e+02,1.100000000000000000e+02,3.052066529144574929e+02
8.199999999999999289e+00,1.100000000000000000e+02,3.100000000000000000e+02,1.100000000000000000e+02,3.095357290187833996e+02,1.100000000000000000e+02,3.095968375681218276e+02
8.233333333333332504e+00,1.100000000000000000e+02,3.140000000000000000e+02,1.100000000000000000e+02,3.139745772237527603e+02,1.100000000000000000e+02,3.139779234354202231e+02
8.266666666666665719e+00,1.100000000000000000e+02,3.180000000000000000e+02,1.100000000000000000e+02,3.184003325355414518e+02,1.100000000000000000e+02,3.183476397302128476e+02
8.300000000000000711e+00,1.100000000000000000e+02,3.230000000000000000e+02,1.100000000000000000e+02,3.228107041763240659e+02,1.100000000000000000e+02,3.228356197829562007e+02
8.333333333333333925e+00,1.100000000000000000e+02,3.270000000000000000e+02,1.100000000000000000e+02,3.273447791475668396e+02,1.100000000000000000e+02,3.272993984231356421e+02
8.366666666666667140e+00,1.100000000000000000e+02,3.320000000000000000e+02,1.100000000000000000e+02,3.318496688886338575e+02,1.100000000000000000e+02,3.318694558588826453e+02
8.400000000000000355e+00,1.100000000000000000e+02,3.370000000000000000e+02,1.100000000000000000e+02,3.364654022055607925e+02,1.100000000000000000e+02,3.365357673518998354e+02
8.433333333333333570e+00,1.100000000000000000e+02,3.410000000000000000e+02,1.100000000000000000e+02,3.411810692509801584e+02,1.100000000000000000e+02,3.411572364471919059e+02
8.466666666666666785e+00,1.100000000000000000e+02,3.460000000000000000e+02,1.100000000000000000e+02,3.458453075080826693e+02,1.100000000000000000e+02,3.458656685345246729e+02
8.500000000000000000e+00,1.100000000000000000e+02,3.510000000000000000e+02,1.100000000000000000e+02,3.505996216579750353e+02,1.100000000000000000e+02,3.506523204923361732e+02
8.533333333333333215e+00,1.100000000000000000e+02,3.550000000000000000e+02,1.100000000000000000e+02,3.554345275028706510e+02,1.100000000000000000e+02,3.553773338675131868e+02
8.566666666666666430e+00,1.100000000000000000e+02,3.600000000000000000e+02,1.100000000000000000e+02,3.602000378913825216e+02,1.100000000000000000e+02,3.601737083860193138e+02
8.599999999999999645e+00,1.100000000000000000e+02,3.650000000000000000e+02,1.100000000000000000e+02,3.650389825433499595e+02,1.100000000000000000e+02,3.650338515600292908e+02
8.633333333333332860e+00,1.100000000000000000e+02,3.700000000000000000e+02,1.100000000000000000e+02,3.699431519613722230e+02,1.100000000000000000e+02,3.699506344474526713e+02
8.666666666666666075e+00,1.100000000000000000e+02,3.750000000000000000e+02,1.100000000000000000e+02,3.749048537107140078e+02,1.100000000000000000e+02,3.749173771117373803e+02
8.699999999999999289e+00,1.100000000000000000e+02,3.800000000000000000e+02,1.100000000000000000e+02,3.799168956820336120e+02,1.100000000000000000e+02,3.799278340876019797e+02
8.733333333333332504e+00,1.100000000000000000e+02,3.850000000000000000e+02,1.100000000000000000e+02,3.849725693488697402e+02,1.100000000000000000e+02,3.849761798422154015e+02
8.766666666666665719e+00,1.100000000000000000e+02,3.900000000000000000e+02,1.100000000000000000e+02,3.900656330149357132e+02,1.100000000000000000e+02,3.900569942275258768e+02
8.800000000000000711e+00,1.100000000000000000e+02,3.950000000000000000e+02,1.100000000000000000e+02,3.951902950525004030e+02,1.100000000000000000e+02,3.951652479248491545e+02
8.833333333333333925e+00,1.100000000000000000e+02,4.000000000000000000e+02,1.100000000000000000e+02,4.003411971385359038e+02,1.100000000000000000e+02,4.002962878875172805e+02
8.866666666666667140e+00,1.100000000000000000e+02,4.060000000000000000e+02,1.100000000000000000e+02,4.055133974999427551e+02,1.100000000000000000e+02,4.055774453811968101e+02
8.900000000000000355e+00,1.100000000000000000e+02,4.110000000000000000e+02,1.100000000000000000e+02,4.108434245059258956e+02,1.100000000000000000e+02,4.108640333779443949e+02
8.933333333333333570e+00,1.100000000000000000e+02,4.160000000000000000e+02,1.100000000000000000e+02,4.161759233337141950e+02,1.100000000000000000e+02,4.161527678489470645e+02
8.966666666666666785e+00,1.100000000000000000e+02,4.220000000000000000e+02,1.100000000000000000e+02,4.215074785423167327e+02,1.100000000000000000e+02,4.215723054920143795e+02
9.000000000000000000e+00,1.100000000000000000e+02,4.270000000000000000e+02,1.100000000000000000e+02,4.269760946092320069e+02,1.100000000000000000e+02,4.269792410986688651e+02
9.033333333333333215e+00,1.100000000000000000e+02,4.320000000000000000e+02,1.100000000000000000e+02,4.324278425440496676e+02,1.100000000000000000e+02,4.323715288005162733e+02
9.066666666666666430e+00,1.100000000000000000e+02,4.380000000000000000e+02,1.100000000000000000e+02,4.378606824074076940e+02,1.100000000000000000e+02,4.378790197496934411e+02
9.099999999999999645e+00,1.100000000000000000e+02,4.430000000000000000e+02,1.100000000000000000e+02,4.434139438093170043e+02,1.100000000000000000e+02,4.433594594532993369e+02
9.133333333333332860e+00,1.100000000000000000e+02,4.490000000000000000e+02,1.100000000000000000e+02,4.489349725157132411e+02,1.100000000000000000e+02,4.489435316015676563e+02
9.166666666666666075e+00,1.100000000000000000e+02,4.550000000000000000e+02,1.100000000000000000e+02,4.545640233241332453e+02,1.100000000000000000e+02,4.546214077030330145e+02
9.199999999999999289e+00,1.100000000000000000e+02,4.600000000000000000e+02,1.100000000000000000e+02,4.602904040062736044e+02,1.100000000000000000e+02,4.602521802790802781e+02
9.233333333333332504e+00,1.100000000000000000e+02,4.660000000000000000e+02,1.100000000000000000e+02,4.659629612619215209e+02,1.100000000000000000e+02,4.659678363965221592e+02
9.266666666666665719e+00,1.100000000000000000e+02,4.720000000000000000e+02,1.100000000000000000e+02,4.717234005650558402e+02,1.100000000000000000e+02,4.717598072987913156e+02
9.300000000000000711e+00,1.100000000000000000e+02,4.780000000000000000e+02,1.100000000000000000e+02,4.775624300859087157e+02,1.100000000000000000e+02,4.776200241708292538e+02
9.333333333333333925e+00,1.100000000000000000e+02,4.830000000000000000e+02,1.100000000000000000e+02,4.834713169481762520e+02,1.100000000000000000e+02,4.834092809912905295e+02
9.366666666666667140e+00,1.100000000000000000e+02,4.890000000000000000e+02,1.100000000000000000e+02,4.893008001098377804e+02,1.100000000000000000e+02,4.892612080206734504e+02
9.400000000000000355e+00,1.100000000000000000e+02,4.950000000000000000e+02,1.100000000000000000e+02,4.951944101570482530e+02,1.100000000000000000e+02,4.951688213889016765e+02
9.433333333333333570e+00,1.100000000000000000e+02,5.010000000000000000e+02,1.100000000000000000e+02,5.011446131975070557e+02,1.100000000000000000e+02,5.011255788340936306e+02
9.466666666666666785e+00,1.100000000000000000e+02,5.070000000000000000e+02,1.100000000000000000e+02,5.071443671285705364e+02,1.100000000000000000e+02,5.071253651533943412e+02
9.500000000000000000e+00,1.100000000000000000e+02,5.130000000000000000e+02,1.100000000000000000e+02,5.131871049085702907e+02,1.100000000000000000e+02,5.131624776761660769e+02
9.533333333333333215e+00,1.100000000000000000e+02,5.190000000000000000e+02,1.100000000000000000e+02,5.192667178475143146e+02,1.100000000000000000e+02,5.192316117540113964e+02
9.566666666666666430e+00,1.100000000000000000e+02,5.260000000000000000e+02,1.100000000000000000e+02,5.253775389169385335e+02,1.100000000000000000e+02,5.254594688559419637e+02
9.599999999999999645e+00,1.100000000000000000e+02,5.320000000000000000e+02,1.100000000000000000e+02,5.316553964053966865e+02,1.100000000000000000e+02,5.317007540225195044e+02
9.633333333333332860e+00,1.100000000000000000e+02,5.380000000000000000e+02,1.100000000000000000e+02,5.379442606444497414e+02,1.100000000000000000e+02,5.379515972027061252e+02
9.666666666666666075e+00,1.100000000000000000e+02,5.440000000000000000e+02,1.100000000000000000e+02,5.442400666167518466e+02,1.100000000000000000e+02,5.442084684272589357e+02
9.699999999999999289e+00,1.100000000000000000e+02,5.510000000000000000e+02,1.100000000000000000e+02,5.505391241880654434e+02,1.100000000000000000e+02,5.505997858553677133e+02
9.733333333333332504e+00,1.100000000000000000e+02,5.570000000000000000e+02,1.100000000000000000e+02,5.569791716759658584e+02,1.100000000000000000e+02,5.569819131538870352e+02
9.766666666666665719e+00,1.100000000000000000e+02,5.630000000000000000e+02,1.100000000000000000e+02,5.634060224853915315e+02,1.100000000000000000e+02,5.633525807549258388e+02
9.800000000000000711e+00,1.100000000000000000e+02,5.700000000000000000e+02,1.100000000000000000e+02,5.698173876446252279e+02,1.100000000000000000e+02,5.698414235555064806e+02
9.833333333333333925e+00,1.100000000000000000e+02,5.760000000000000000e+02,1.100000000000000000e+02,5.763523563262501739e+02,1.100000000000000000e+02,5.763059782745675648e+02
9.866666666666667140e+00,1.100000000000000000e+02,5.830000000000000000e+02,1.100000000000000000e+02,5.828580424769952515e+02,1.100000000000000000e+02,5.828767272936075869e+02
9.900000000000000355e+00,1.100000000000000000e+02,5.900000000000000000e+02,1.100000000000000000e+02,5.894744777026745624e+02,1.100000000000000000e+02,5.895436483076754257e+02
